{
  "planner_configs": {
    "RRTConnect": {
      "type": "geometric::RRTConnect",
      "range": 0.09819843911057104,
      "longest_valid_segment_fraction": 0.01
    },
    "RRT": {
      "type": "geometric::RRT",
      "range": 0.09819843911057104,
      "goal_bias": 0.05
    },
    "PRM": {
      "type": "geometric::PRM",
      "max_nearest_neighbors": 10
    }
  },
  "planning_time": 5.0,
  "planning_attempts": 10,
  "max_velocity_scaling_factor": 0.1,
  "max_acceleration_scaling_factor": 0.1,
  "workspace_bounds": {
    "min_corner": [
      -0.8775239979617171,
      -0.8662300681478823,
      -0.7762120199604619
    ],
    "max_corner": [
      0.8729660311238053,
      0.8765173190842158,
      0.9769923057459946
    ]
  }
}